시설명,어른관람료,운영기관전화번호,분류
필암서원 유물전시관,500,061-390-7224,일반
원주역사박물관,0,033-737-4371,일반
뮤지엄산미술관,15000,033-730-9000,일반
오랜미래신화미술관,0,033-746-5256,일반
연세대학교 원주박물관,0,033-760-2731,대학
뮤지엄산박물관,15000,033-730-9000,일반
뮤지엄산(청조갤러리),15000,033-730-9000,일반
치악산 고판화박물관,5000,033-761-7885,일반
남원향토박물관,0,063-620-5797,일반
청도박물관,0,054-370-2282,일반
합천박물관,0,055-930-4882,일반
합천한의학박물관,2000,055-934-0601,일반
해인사성보박물관,2000,055-934-3150,일반
신풍미술관,2000,054-653-9329,일반
예천박물관,0,054-650-8311,일반
신풍미술관,2000,054-653-9329,일반
예천박물관,0,054-650-8311,일반
인천개항박물관,500,032-760-7508,일반
짜장면박물관,500,032-773-9812,일반
영종역사관,1000,032-760-6300,일반
중구생활사전시관,1000,032-766-2202,일반
인천개항장 근대건축전시관,500,032-760-7549,일반
한중문화관,1000,032-760-7860,일반
성남아트센터 큐브미술관,0,031-783-8000,일반
현대어린이책미술관 MOKA,0,031-5170-3700,일반
미누현대미술관,8000,031-754-9696,일반
신구대학교식물원 갤러리 우촌,7000,031-724-1625,대학
판교박물관,0,031-729-4535,일반
신구대학 우촌박물관,0,031-740-1258,일반
기당미술관,1000,064-733-1586,일반
신영영화박물관 무비스타,9000,064-805-0008,일반
초콜릿 박물관,6000,064-792-3121,일반
제주추사관,0,064-710-6803,일반
조안베어뮤지엄,5000,064-739-1024,일반
소암기념관,0,064-760-3511,일반
유인미술관,12000,064-731-7791,일반
김영갑갤러리 (두모악),4500,064-784-9905,일반
제주커피박물관 바움,0,064-784-2255,일반
세계오지민속박물관 (베니스랜드),12000,064-784-6565,일반
제주해양과학관 (아쿠아플라넷),40900,064-780-0900,일반
제주항공우주박물관,10000,064-800-2009,일반
본태박물관,20000,064-792-8108,일반
설록차전시관,0,064-794-5312,일반
제주건강과 성 박물관,12000,064-792-5700,일반
포레스트판타지아,15000,064-794-9680,일반
세계자동차 제주박물관,11000,064-792-3000,일반
헬로키티아일랜드,14000,064-792-6114,일반
SOS박물관,12000,064-738-1448,일반
닥종이인형박물관,5000,064-739-3906,일반
아프리카 박물관,10000,064-738-6565,일반
이중섭미술관,1500,064-760-3567,일반
박물관은살아있다,12000,064-805-0888,일반
곰완구전시관 (테디베어뮤지엄),10000,064-738-7600,일반
제주유리박물관,9000,064-792-6262,일반
왈종미술관,5000,064-763-3600,일반
세계조가비박물관,6000,064-762-5551,일반
자연사랑 미술관,0,064-787-3110,일반
제주민속촌,11000,064-787-4501,일반
세계술박물관,5000,064-787-9500,일반
감귤박물관,1500,064-760-6398,일반
박을복자수박물관,6000,02-990-7000,일반
무안군오승우미술관,0,061-450-5482,일반
이천시립월전미술관,2000,031-637-0033,일반
이천시립박물관,0,031-635-8500,일반
유엔평화기념관,0,051-901-1400,일반
경성대학교박물관,0,051-663-5381,대학
부경대학교박물관,0,051-629-6771,대학
부산시립박물관,0,051-610-7150,일반
경성대학교미술관,0,051-663-5361,대학
하남역사박물관,0,031-790-7915,일반
정림사지박물관,1500,041-832-2721,일반
예송미술관,0,02-2147-2810,일반
한국광고박물관,0,02-2144-0116,일반
소마미술관,3000,02-425-1077,일반
서울올림픽기념관,0,02-410-1354,일반
롯데월드민속박물관,5000,02-1661-2000,일반
한미사진미술관,6000,02-418-1315,일반
한성백제박물관,0,02-2152-5800,일반
몽촌역사관,0,02-2152-5900,일반
롯데월드아쿠아리움,29000,02-1661-2000,일반
롯데뮤지엄,13000,02-3213-1132,일반
옹기민속박물관,0,02-900-0900,일반
덕성여자대학교 박물관,0,02-901-8131,대학
산악박물관,0,02-909-3693,일반
신평생활사박물관,0,063-640-4121,일반
조태일 시문학기념관,0,061-362-5868,일반
거창박물관,0,055-940-8740,일반
김중업건축박물관,0,031-687-0909,일반
안양박물관,0,031-687-0909,일반
돌석도예박물관,3000,031-464-7734,일반
한광미술관,0,051-469-0095,일반
국립제주박물관,0,064-720-8000,일반
민속자연사박물관,2000,064-710-7708,일반
제주교육박물관,0,064-752-9101,일반
신영영화박물관 무비스타,9000,064-805-0008,일반
제주민속촌,11000,064-787-4501,일반
제주대학교?박물관,0,064-754-2242,대학
설록차전시관,0,064-794-5312,일반
제주평화박물관,6000,064-772-2500,일반
감귤박물관,1500,064-760-6398,일반
아프리카 박물관,10000,064-738-6565,일반
제주돌박물관,5000,064-710-7731,일반
제주건강과 성 박물관,12000,064-792-5700,일반
파파월드,13000,064-799-7272,일반
해녀박물관,1100,064-782-9898,일반
세계자동차 제주박물관,11000,064-792-3000,일반
테마공원 선녀와나무꾼,11000,064-784-9004,일반
조안베어뮤지엄,5000,064-739-1024,일반
김만덕기념관,0,064-759-6090,일반
초콜릿 박물관,6000,064-792-3121,일반
곰완구전시관 (테디베어뮤지엄),10000,064-738-7600,일반
제주유리박물관,9000,064-792-6262,일반
제주4.3 평화기념관,0,064-710-8435,일반
설문대여성문화센터여성역사문화전시관,0,064-710-4246,일반
세계조가비박물관,6000,064-762-5551,일반
메이즈 뮤지움,11000,064-784-3838,일반
다희연 티 뮤지엄,5000,064-782-0005,일반
제주해양과학관 (아쿠아플라넷),40900,064-780-0900,일반
SOS박물관,12000,064-738-1448,일반
본태박물관,20000,064-792-8108,일반
넥슨컴퓨터 박물관,8000,064-745-1994,일반
헬로키티아일랜드,14000,064-792-6114,일반
제주항공우주박물관,10000,064-800-2009,일반
한울랜드뮤지엄,9000,064-783-5788,일반
세계오지민속박물관 (베니스랜드),12000,064-784-6565,일반
제주커피박물관 바움,0,064-784-2255,일반
닥종이인형박물관,5000,064-739-3906,일반
세계술박물관,5000,064-787-9500,일반
기당미술관,1000,064-733-1586,일반
이중섭미술관,1500,064-760-3567,일반
김영갑갤러리 (두모악),4500,064-784-9905,일반
자연사랑 미술관,0,064-787-3110,일반
러브랜드 미술관,12000,064-712-6988,일반
제주 현대미술관,2000,064-710-7801,일반
돌하르방공원,6000,064-782-0570,일반
포레스트판타지아,15000,064-794-9680,일반
제주도립 김창열미술관,2000,064-710-4141,일반
제주 유리의 성,11000,064-772-7777,일반
소암기념관,0,064-760-3511,일반
제주 도립미술관,2000,064-710-4300,일반
제주추사관,0,064-710-6803,일반
박물관은살아있다,12000,064-805-0888,일반
그리스신화박물관,9000,064-773-5800,일반
왈종미술관,5000,064-763-3600,일반
성안미술관,0,064-729-9175,일반
아라리오뮤지엄,10000,064-720-8250,일반
유인미술관,12000,064-731-7791,일반
경북대학교 박물관,0,053-950-6537,대학
대구보건대학교 인당박물관,0,053-320-1857,대학
경북대학교 미술관,0,053-950-7968,대학
백제문화체험박물관,2000,041-940-4871,일반
계명대학교 행소박물관,0,053-580-6992,대학
소래역사관,500,032-460-0591,일반
애보박물관,2500,032-466-3181,일반
한국전통음식박물관,2500,032-466-3181,일반
규남박물관,0,070-4233-9060,일반
다산미술관,0,061-371-3443,일반
소소미술관,0,061-375-1995,일반
소아르미술관,0,061-371-8585,일반
교동아트미술관,0,063-287-1245,일반
전주미술관,4000,063-283-8887,일반
누벨벡미술관,0,063-222-7235,일반
예깊미술관,0,063-911-2207,일반
이당미술관,0,063-446-5903,일반
익산예술의전당 미술관,0,1577-0072,일반
W미술관,0,063-835-3033,일반
정읍시립미술관,0,063-539-7114,일반
수지미술관,3000,063-631-1009,일반
예가람길 미술관,0,063-632-0080,일반
전라북도도립미술관,0,063-280-2114,일반
VM(비주얼 미디어)아트 미술관,0,070-8915-8123,일반
최북미술관,0,063-320-2114,일반
금구원야외조각미술관,2000,063-584-6770,일반
휘목미술관,0,063-584-0006,일반
국립전주박물관,0,063-223-5651,일반
미륵사지유물전시관,0,063-830-0900,일반
전주역사박물관,0,063-228-6485,일반
익산보석박물관,3000,063-859-4641,일반
남원향토박물관,3000,063-620-6792,일반
벽골제농경문화박물관,0,063-540-4989,일반
고창판소리박물관,800,063-560-8061,일반
전주전통술박물관,0,063-287-6305,일반
왕궁리유적전시관,0,063-859-4631,일반
어진박물관,0,063-231-0190,일반
청자박물관,3000,063-580-3964,일반
군산근대역사박물관,3000,063-454-7870,일반
동학농민혁명기념관,0,063-536-1894,일반
전라북도산림박물관,0,063-652-6792,일반
진안역사박물관,0,063-430-8086,일반
익산 마한박물관,0,063-859-4633,일반
정읍시립박물관,0,063-539-6792,일반
순창장류박물관,0,063-650-1627,일반
원불교역사박물관,0,063-850-3240,일반
원숭이자연사박물관,7000,063-584-0708,일반
전주한지박물관,0,063-210-8103,일반
예수병원의학박물관,0,063-230-8778,일반
카메라영상박물관,0,063-560-6600,일반
연안이씨종중문적(보물651호)박물관,3000,063-852-7277,일반
완주책박물관,0,070-8915-8131,일반
전북대학교박물관,0,063-270-3488,대학
전주대학교박물관,0,063-220-2159,대학
군산대학교박물관,0,063-469-4191,대학
원광대학교박물관,0,063-850-5482,대학
일본군''위안부''역사관,5000,031-768-0064,일반
영은미술관,6000,031-761-0137,일반
닻미술관,2000,031-798-2581,일반
만해기념관,2000,031-744-3100,일반
사람박물관 얼굴,4000,031-765-3522,일반
풀짚공예박물관,3000,031-717-4538,일반
백제군사박물관,0,041-746-8432,일반
세종특별자치시립 민속박물관,0,044-300-8831,일반
교과서박물관,0,044-300-8831,일반
뒤웅박고을,0,044-868-7007,일반
연기향토박물관,3000,044-862-7449,일반
산림박물관,1500,044-850-2686,일반
국립조세박물관,0,044-204-4646,일반
남도향토음식박물관,0,062-410-6638,일반
대성동고분박물관,0,055-330-6881,일반
클레이아크 김해미술관,2000,055-340-7000,일반
고구려대장간마을,0,031-550-2363,일반
외교박물관,0,02-3497-8700,일반
전기박물관,0,02-2105-8192,일반
관문사성보박물관,0,02-3460-5300,일반
인도박물관,3000,02-585-2185,일반
서울서예관,0,02-580-1282,일반
한가람디자인미술관,0,02-580-1282,일반
한가람미술관,0,02-580-1282,일반
유리지공예관,0,02-578-6663,일반
한원미술관,0,02-588-5642,일반
인천광역시립박물관,0,032-440-6750,일반
가천박물관,0,032-833-4747,일반
경남도립미술관,1000,055-254-4600,일반
군산근대역사박물관,2000,063-454-7870,일반
양산시립박물관,0,055-392-3314,일반
의성조문국박물관,0,054-830-6909,일반
영암군립하정웅미술관,0,061-470-6841,일반
영암도기박물관,0,061-470-6851,일반
상주자전거박물관,0,054-534-4973,일반
함창 명주박물관,0,054-541-9260,일반
상주박물관,1000,054-537-6752,일반
허준박물관,1000,02-3661-8686,일반
겸재정선미술관,1000,02-2659-2206,일반
정읍시립미술관,0,063-539-6419,일반
정읍시립박물관,0,063-539-6792,일반
건국대학교박물관,0,02-450-3880,대학
세종대학교박물관,0,02-3408-3277,대학
추사박물관,2000,02-2150-3650,일반
세계다문화박물관,7000,02-323-6848,일반
은평역사한옥박물관,1000,02-351-8524,일반
통영옻칠미술관,3000,055-649-5257,일반
전혁림미술관,0,055-645-7349,일반
통영시립박물관,2000,055-646-8371,일반
평강 성서유물박물관,2000,02-2686-9496,일반
거제박물관,3000,055-687-6790,일반
거제민속박물관,2000,055-637-3722,일반
해금강테마박물관,6000,055-632-0670,일반
외도조경식물원,11000,070-7715-3330,일반
거제어촌민속전시관,3000,055-639-8270,일반
포로수용소유적박물관,7000,055-639-8125,일반
국립해양박물관,0,051-309-1900,일반
수도국산달동네박물관,1000,032-770-6133,일반
진주시립 이성자미술관,2000,055-749-3661,일반
국립진주박물관,2000,055-742-5951,일반
경상대학교 부속박물관,0,055-772-0601,대학
진주 청동기문화박물관,0,055-749-5172,일반
삼성 교통박물관,6000,031-320-9900,일반
한국등잔박물관,4000,031-334-0797,일반
명지대학교박물관,0,031-330-6074,대학
용인대학교박물관,0,031-8020-3001,대학
경희대학교혜정박물관,0,031-201-2014,대학
단국대학교석주선기념박물관,0,031-8005-2389,대학
경기도박물관,4000,031-288-5300,일반
경기도어린이박물관,4000,031-270-8636,일반
한국민속촌박물관,18000,031-288-0000,일반
삶의이야기가있는집,0,031-334-4115,일반
호암미술관,4000,031-320-1800,일반
용인문화유적전시관,0,031-324-4796,일반
예아리박물관,5000,031-323-7277,일반
신영숙컬렉션박물관,9000,031-282-8845,일반
설민민화박물관,0,031-336-1541,일반
한국미술관,0,031-284-6418,일반
이영미술관,9000,031-213-8223,일반
마가미술관,4000,031-334-0365,일반
백남준아트센터,4000,031-201-8500,일반
안젤리미술관,5000,031-323-1968,일반
청량산박물관,0,054-679-6672,일반
충재박물관,0,054-674-0963,일반
울산박물관,0,052-222-8501,일반
울산암각화박물관,0,052-229-4797,일반
울산대곡박물관,0,052-229-6638,일반
동두천시 경기북부어린이박물관,4000,031-860-2860,일반
자유수호평화박물관,1000,031-860-3333,일반
대구미술관,1000,053-803-7900,일반
가일미술관,3000,031-584-4722,일반
남송미술관,3000,031-581-0772,일반
설미재미술관,3000,031-585-6276,일반
일지미술관,0,031-585-0180,일반
남해유배문학관,2000,055-860-8626,일반
보물섬마늘나라,0,055-860-3986,일반
덕포진교육박물관,2500,031-989-8580,일반
보름산미술관,0,031-985-0005,일반
CICA미술관,5000,031-988-6363,일반
다도박물관,5000,031-998-1000,일반
CICA미술관,5000,031-988-6363,일반
보름산미술관,0,031-985-0005,일반
외할머니의 부엌,2000,031-984-1993,일반
김포다도박물관,5000,031-998-1000,일반
덕포진교육박물관,3000,031-989-8580,일반
청주고인쇄박물관,0,043-201-4262,일반
청주시립미술관,1000,043-201-2650,일반
여수민속전시관,0,061-683-2231,일반
아쿠아플라넷여수,23000,061-660-1111,일반
서대문자연사박물관(3월~10월),6000,02-330-8899,일반
서대문자연사박물관(11월~2월),6000,02-330-8899,일반
서대문형무소역사관(3월~10월),3000,02-360-8585,일반
서대문형무소역사관(11월~12월),3000,02-360-8585,일반
산청한의학박물관,2000,055-970-6623,일반
산청박물관,0,070-8990-2133,일반
한국족보박물관,0,042-582-4445,일반
63아트,13000,02-789-5663,일반
63아쿠아플라넷,25000,02-789-5663,일반
한국잡지박물관,0,02-360-0041,일반
증도갯벌생태전시관,0,061-275-8400,일반
하의3도농민운동기념관,0,061-240-8865,일반
증도소금박물관,0,061-275-0829,일반
저녁노을미술관,3000,061-271-1145,일반
박득순미술관,0,02-502-4646,일반
의병박물관,0,055-570-2345,일반
록봉민속교육박물관,5000,051-892-5997,일반
옥천향토전시관,0,043-730-3417,일반
가산박물관,0,043-733-9129,일반
엄미술관,1000,031-222-9188,일반
향토박물관,0,031-369-6376,일반
용주사효행박물관,0,031-232-0660,일반
수원대학교박물관,0,031-220-2341,대학
박수근미술관,3000,033-480-2662,일반
양구백자박물관,0,033-480-2664,일반
양구선사박물관,0,033-480-2677,일반
양구근현대사박물관,0,033-482-1945,일반
양구인문학박물관,0,033-482-9800,일반
쌀문화관,0,031-632-6607,일반
시흥역사자료전시관,0,031-317-0827,일반
창조자연사박물관,8000,031-435-1009,일반
소전미술관,3000,031-313-1211,일반
한국최초 성경전래지 기념관,1000,041-951-1816,일반
월남이상재선생 전시관,0,041-950-4225,일반
서천 이하복 고택 전시관,1500,041-951-4741,일반
고성탈박물관,2000,055-670-2948,일반
고성박물관,0,055-670-5822,일반
고성공룡박물관,3000,055-670-4451,일반
어진박물관,3000,063-231-0090,일반
전주역사박물관,0,063-228-6485,일반
전주미술관,5000,063-283-8887,일반
교동아트미술관,0,063-287-1244,일반
애니메이션박물관,7000,033-245-6444,일반
권진규미술관,10000,033-243-2111,일반
이상원미술관,6000,033-255-9001,일반
춘천미술관,0,033-241-1856,일반
LIUSEUM 세계민족악기전시관,0,031-580-8016,일반
한림대학교박물관,0,033-248-2851,대학
강원대학교박물관,0,033-250-8075,대학
춘천막국수체험박물관,1000,033-244-8869,일반
인형극박물관,2000,033-242-8450,일반
KT&G 상상마당 춘천 아트센터,4000,033-818-3200,일반
공주민속극박물관,3000,041-855-4933,일반
임립미술관,5000,041-856-7749,일반
석장리박물관,1300,041-840-8924,일반
충남역사박물관,0,041-856-8608,일반
계룡산자연사박물관,9000,042-825-4052,일반
동산박물관,5000,041-858-5009,일반
DMZ박물관,0,033-681-0625,일반
화진포역사안보전시관,3000,033-680-3363,일반
화진포해양박물관,5000,033-680-3674,일반
6.25전쟁체험기념관,0,033-682-6625,일반
화진포생태박물관,3000,033-681-8311,일반
진부령미술관,0,033-681-7667,일반
천안박물관,0,041-521-2891,일반
유관순열사기념관,0,041-521-2821,일반
이동녕기념관,0,041-521-2821,일반
독립기념관,0,041-560-0500,일반
복권박물관,0,02-2073-7755,일반
도계민화박물관,0,041-551-6886,일반
백석대학교 기독교박물관,0,041-850-8733,대학
천안예술의전당미술관,0,041-901-6610,일반
리각미술관,3000,070-4111-3463,일반
삼척시립박물관,0,033-575-0768,일반
포천역사문화관,0,031-538-3029,일반
문경도자기박물관,0,054-550-6416,일반
문경석탁박물관,2000,054-550-6422,일반
옛길박물관,1000,054-550-6422,일반
문경자연생태박물관,2000,054-550-8384,일반
대전광역시립미술관,500,042-270-7370,일반
대전역사박물관,0,042-270-8600,일반
대전선사박물관,0,042-270-8640,일반
한국족보박물관,0,042-582-4445,일반
한밭교육박물관,0,042-670-2200,일반
화폐박물관,0,042-870-1400,일반
지질박물관,0,042-868-3797,일반
대청댐물문화관,0,042-930-7332,일반
옛터민속박물관,0,042-274-0016,일반
대전아쿠아리움,21000,042-226-2100,일반
충남대학교 박물관,0,042-821-6042,대학
충남대학교 자연사박물관,0,042-821-5292,대학
한남대학교 중앙박물관,0,042-629-7696,대학
한남대학교 자연사박물관,0,042-629-7699,대학
대전대학교 박물관,0,042-280-2691,대학
배재대학교 박물관,0,042-520-5259,대학
군위숭덕박물관,0,054-380-6064,일반
경북대학교자연사박물관,0,054-383-7026,대학
손기정기념관,0,02-364-1936,일반
경주솔거미술관,1000,054-740-3990,일반
울산대학교박물관,0,052-259-2635,대학
울산박물관,0,052-222-8501,일반
장생포고래박물관,2000,052-256-6301,일반
함평군립미술관,0,061-320-2276,일반
고양어린이박물관,5000,031-839-0300,일반
가와지볍씨박물관,0,031-968-3399,일반
창녕박물관,0,055-530-1500,일반
비봉리 패총전시관,0,055-530-1515,일반
부천교육박물관,1000,032-661-1282,일반
유럽자기박물관,1000,032-661-0238,일반
부천수석박물관,1000,032-655-2900,일반
부천활박물관,1000,032-614-2678,일반
부천펄벅기념관,0,032-668-7565,일반
부천옹기박물관,1000,032-684-9057,일반
자연생태박물관,2000,032-625-3503,일반
부천로보파크,5000,070-7094-5479,일반
한국만화박물관,5000,032-310-3040,일반
기지시줄다리기박물관,0,041-350-4929,일반
합덕수리민속박물관,0,041-350-4931,일반
심훈기념관,0,041-360-6883,일반
아미미술관,5000,041-353-1555,일반
한국도량형박물관,3000,041-356-9739,일반
녹청자박물관,0,032-560-2932,일반
양평친환경농업박물관,0,031-772-3370,일반
양평곤충박물관,2500,031-775-8022,일반
양평군립미술관,700,031-775-8513,일반
몽양기념관,800,031-772-2411,일반
화서기념관,0,031-774-5326,일반
황순원문학촌 소나기마을,1500,031-773-2299,일반
양림미술관,0,062-675-7005,일반
독도박물관,0,054-790-6436,일반
고창판소리박물관,0,063-560-8061,일반
한국압화박물관,2000,061-780-2096,일반
김천세계도자기박물관,1000,054-420-6726,일반
김천시립미술관,0,054-420-6724,일반
경북과학대학교박물관,0,054-972-9796,대학
수양개선사유물전시관,2000,043-423-8502,일반
불교천태중앙박물관,0,043-423-9103,일반
서울교육박물관,0,02-2011-5780,일반
서울역사박물관,0,02-724-0274,일반
꼭두박물관,3000,02-766-3315,일반
목인박물관,5000,02-722-5066,일반
뮤지엄김치간,5000,02-6002-6256,일반
불교중앙박물관,0,02-2011-1960,일반
신문박물관,3000,02-2020-1830,일반
영인문학관,0,02-379-3182,일반
의학박물관,0,02-2072-2636,일반
화정박물관,3000,02-2075-0114,일반
가회민화박물관,2000,02-741-0466,일반
김달진미술자료박물관,0,02-730-6216,일반
떡박물관,3000,02-741-5447,일반
명인박물관,3000,02-766-0272,일반
보나장신구박물관,5000,02-732-6621,일반
북촌동양문화박물관,5000,02-723-0190,일반
북촌박물관,3000,02-766-8402,일반
북촌생활사박물관,5000,02-736-3957,일반
삼성출판박물관,3000,02-394-6544,일반
세계장신구박물관,7000,02-730-1610,일반
쇳대박물관,4000,02-766-6494,일반
쉼박물관,10000,02-396-9277,일반
유금와당박물관,5000,02-394-3451,일반
춘원당한방박물관,0,02-367-2005,일반
한국색동박물관,3000,02-765-9286,일반
한국현대의상박물관,5000,02-734-7340,일반
상명대학교박물관,0,02-781-7920,대학
짚풀생활사박물관,5000,02-743-8787,일반
한국미술박물관,3000,02-766-6000,일반
한무숙문학관,0,02-732-3093,일반
서울대학교 치의학대학원 치의학박물관,0,02-740-8799,대학
성균관대학교 박물관,0,02-760-1216,대학
국립현대미술관(서울관),4000,02-3701-9500,일반
OCI 미술관,0,02-734-0440,일반
JCC미술관,0,02-2138-7373,일반
금호미술관,0,02-720-5114,일반
사비나미술관,0,02-736-4371,일반
상원미술관,0,02-396-3185,일반
성곡미술관,0,02-737-7650,일반
세종문화회관 미술관(세종미술관),0,02-399-1156,일반
아라리오뮤지엄 인스페이스,10000,02-736-5700,일반
아르코미술관,0,02-760-4850,일반
아트선재센터,5000,02-733-8945,일반
아트센터 나비 미술관,0,02-2121-1031,일반
일민미술관,0,02-2020-2050,일반
자하미술관,0,02-395-3222,일반
토탈미술관,5000,02-379-7037,일반
학아재미술관,0,02-766-7647,일반
환기미술관,0,02-391-7701,일반
세화미술관,12000,02-2002-7785,일반
대림미술관,6000,02-720-0667,일반
수다라성보박물관,0,061-352-8097,일반
우리삶문화옥당박물관,0,070-7011-6887,일반
대산미술관,1000,055-291-5237,일반
삼육대학교 박물관,0,02-3399-3636,대학
서울여자대학교 박물관,0,02-970-5311,대학
인덕대학교 아정미술관,0,02-950-7331,대학
서울과학기술대학교 미술관,0,02-970-6215,대학
검단선사박물관,0,032-440-6790,일반
송암미술관,0,032-440-6770,일반
한국이민사박물관,0,032-440-4710,일반
인천도시역사관,0,032-850-6180,일반
인천광역시립박물관,0,032-440-6750,일반
우석헌자연사박물관,5000,031-572-9555,일반
남양주유기농박물관,2000,031-560-1471,일반
무의자박물관,0,02-2279-9755,일반
남양주역사박물관,1000,031-576-0558,일반
프라움악기박물관,5000,031-521-0441,일반
덕소자연사박물관,7000,031-521-7166,일반
예당국악박물관,5000,031-558-4825,일반
왈츠와닥터만 커피박물관,5000,031-576-6051,일반
실학박물관,4000,031-579-6001,일반
미호박물관,7000,031-566-7377,일반
한국탁본자료관,0,031-576-7908,일반
모란미술관,5000,031-594-8001,일반
서호미술관,2000,031-592-1865,일반
둘리뮤지엄,5000,02-990-2200,일반
서대문자연사박물관,6000,02-330-8899,일반
서대문형무소역사관,3000,02-360-8590,일반
서울교육박물관,0,02-2011-5780,일반
서울상상나라,4000,02-6450-9500,일반
서울약령시한의약박물관,1000,02-969-9241,일반
서울역사박물관,0,02-724-0274,일반
성북선잠박물관,1000,02-744-0027,일반
손기정기념관,0,02-364-1936,일반
수도박물관,0,02-3146-5936,일반
은평역사한옥박물관,1000,02-351-8524,일반
종로구립 고희동 미술자료관,0,02-2148-4165,일반
청계천박물관,0,02-2286-3410,일반
한성백제박물관,0,02-2152-5800,일반
허준박물관,1000,02-3661-8686,일반
가회민화박물관,2000,02-741-0466,일반
경기여자고등학교 경운박물관,0,02-3463-1336,일반
고촌이종근기념관,0,02-365-6940,일반
관문사 성보 박물관,0,02-3460-5300,일반
근현대디자인박물관,5000,070-7010-4346,일반
기생충박물관,0,02-2601-3278,일반
김달진미술자료박물관,0,02-730-6216,일반
꼭두박물관,0,02-766-3315,일반
농협 농업박물관,0,02-2080-5727,일반
세계다문화박물관,7000,02-323-6848,일반
도산안창호기념관,0,02-541-1800,일반
떡박물관,3000,02-741-5447,일반
롯데월드 아쿠아리움,31000,02-1661-2000,일반
롯데월드 민속박물관,5000,02-411-4760,일반
명인박물관,3000,02-766-0272,일반
목인박물관,5000,02-722-5066,일반
뮤지엄김치간,5000,02-6002-6456,일반
박을복자수박물관,6000,02-990-7000,일반
배재학당역사박물관,0,02-319-5578,일반
백범김구기념관,0,02-799-3400,일반
보나장신구 박물관,5000,02-732-6621,일반
북촌동양문화박물관,5000,02-723-0190,일반
북촌박물관,3000,02-766-8402,일반
북촌생활사박물관,3000,02-736-3957,일반
불교중앙박물관,0,02-2011-1960,일반
브이센터 더 라이브 뮤지엄,15000,070-4284-8470,일반
삼성출판박물관,3000,02-394-6544,일반
샬트르성바오로수녀회 역사박물관,0,02-3706-3255,일반
서울그레뱅뮤지엄,18000,02-777-4700,일반
서울대학교병원 의학박물관,0,02-2072-2636,대학
서울올림픽기념관,0,02-410-1354,일반
세계골프역사박물관,5000,02-2192-3005,일반
세계장신구박물관,7000,02-730-1610,일반
쇳대박물관,4000,02-766-6494,일반
쉼박물관,10000,02-396-9277,일반
신문박물관 PRESSEUM,3000,02-2020-1830,일반
아쿠아플라넷63,25000,02-780-6382,일반
안중근의사기념관,0,02-3789-1026,일반
영인문학관,5000,02-379-3182,일반
우리옛돌박물관,7000,02-986-1001,일반
우리은행 은행사박물관,0,02-2002-5090,일반
우석뮤지엄,0,02-364-8900,일반
유금와당박물관,5000,02-394-3451,일반
이한열기념관,0,02-325-7216,일반
이화박물관,0,02-2175-1964,일반
인도박물관,3000,02-585-2185,일반
전기박물관,0,02-2105-8190,일반
전쟁과여성인권박물관,3000,02-392-5252,일반
전쟁기념관,0,02-709-3139,일반
종이나라박물관,2000,02-2279-7901,일반
짚풀생활사박물관,5000,02-743-8787,일반
초전섬유퀼트박물관,5000,02-753-4075,일반
춘원당한방박물관,2000,02-3672-2005,일반
코리아나화장박물관,3000,02-547-9177,일반
탄허기념박물관,0,02-445-8486,일반
평강성서유물박물관,2000,02-2686-9496,일반
피규어뮤지엄W,15000,070-7404-2240,일반
한국가구박물관,20000,02-745-0181,일반
한국광고박물관,0,02-2144-0116,일반
한국금융사박물관,0,02-738-6806,일반
한국색동박물관,400,02-765-9286,일반
한국은행 화폐박물관,0,02-759-4881,일반
한국잡지박물관,6000,02-360-0041,일반
한국천주교순교자박물관,0,02-3142-4504,일반
한국현대문학관,3000,02-2277-4857,일반
한국현대의상박물관,5000,02-734-7340,일반
한무숙 문학관,0,02-762-3093,일반
한익환서울아트박물관,0,02-796-0100,일반
혜곡최순우기념관,0,02-3675-3401,일반
호림박물관(신림본관),4000,02-858-3874,일반
호림박물관(신사분관),4000,02-541-3523,일반
화정박물관,6000,02-2075-0114,일반
건국대학교박물관,0,02-450-3881,대학
경희대학교 자연사박물관,0,02-961-0142,대학
경희대학교 중앙박물관,0,02-961-0141,대학
경희대학교 한의학역사박물관,0,02-961-2274,대학
고려대학교박물관,0,02-3290-1514,대학
국민대학교박물관,0,02-910-4212,대학
덕성여자대학교박물관,0,02-901-8132,대학
동국대학교 박물관,0,02-2260-3722,대학
삼육대학교박물관,0,02-3399-3065,대학
상명대학교 박물관,0,02-791-7920,대학
서울대학교치의학대학원치의학박물관,0,02-740-8799,대학
서울대학교박물관,0,02-880-5333,대학
서울시립대학교 박물관,0,02-6490-6586,대학
서울여자대학교박물관,0,02-970-5311,대학
성균관대학교 박물관,0,02-760-1216,대학
성신여자대학교 박물관,0,02-920-7325,대학
성신여자대학교자연사박물관,2000,02-920-2057,대학
성신여자대학교정원박광훈 복식박물관,2000,02-920-2657,대학
세종대학교박물관,0,02-3408-3876,대학
숙명여자대학교박물관,0,02-710-9134,대학
숙명여자대학교 정영양자수박물관,0,02-710-9134,대학
숭실대학교 한국기독교박물관,0,02-820-0752,대학
연세대학교박물관,0,02-2123-3340,대학
이화여대박물관,0,02-3277-3152,일반
이화여자대학교 자연사박물관,0,02-3277-4700,대학
한양대학교박물관,0,02-2220-1394,대학
홍익대학교  박물관,0,02-320-1323,대학
동덕여자대학교박물관,0,02-940-4232,대학
겸재정선미술관,1000,02-2659-2206,일반
서울시립미술관,0,02-2124-8800,일반
남서울미술관,0,02-598-6245,일반
성북구립미술관,2000,02-6925-5011,일반
종로구립 박노수미술관,3000,02-2148-4171,일반
서울과학기술대학교 미술관,0,02-970-6215,대학
서울대학교 미술관,3000,02-880-9504,대학
숙명여자대학교 문신미술관,0,02-2077-7052,대학
인덕대학교 아정미술관,0,02-950-7331,대학
한양여자대학교 미술관,0,02-2290-2543,대학
(재)한원미술관,0,02-588-5642,일반
63아트미술관,12000,02-780-6382,일반
JCC아트센터,10000,02-2183-7373,일반
K현대미술관,15000,02-2138-0952,일반
OCI미술관,0,02-734-0440,일반
김세중미술관,0,02-717-5129,일반
금호미술관,3000,02-720-5114,일반
대림미술관,5000,02-720-0667,일반
밀알미술관,0,02-3412-0061,일반
사비나미술관,3000,02-736-4371,일반
삼성미술관 Leeum,10000,02-2014-6900,일반
상원미술관,1000,02-396-3185,일반
성곡미술관,10000,02-737-7650,일반
세종문화회관 미술관(세종미술관),10000,02-399-1156,일반
세화미술관,0,02-2002-7786,일반
소마미술관,3000,02-425-1077,일반
아라리오뮤지엄 인 스페이스,10000,02-736-5700,일반
아르코미술관,0,02-760-4850,일반
아모레퍼시픽미술관,9000,02-6040-2345,일반
아트선재센터,5000,02-733-8949,일반
아트센터나비미술관,5000,02-2121-1031,일반
한가람미술관,10000,02-580-1300,일반
한가람디자인미술관,10000,02-580-1300,일반
예술의전당 서울서예박물관,5000,02-580-1300,일반
유리지공예관,0,02-578-6663,일반
일민미술관,4000,02-2020-2050,일반
자하미술관,2000,02-395-3222,일반
코리아나미술관,3000,02-547-9177,일반
토탈미술관,3000,02-379-7037,일반
포스코미술관,0,02-3457-1665,일반
학아재미술관,10000,02-766-7647,일반
한미사진미술관,6000,02-418-1315,일반
헬로우뮤지움,5000,02-3217-4222,일반
환기미술관,10000,02-391-7701,일반
동아대학교석당박물관,0,051-200-8493,대학
동아대학교석당박물관,0,051-200-8749,대학
포항시립미술관,0,054-270-4631,일반
영일민속박물관,0,054-270-5811,일반
수원광교박물관,2000,031-228-4175,일반
수원화성박물관,2000,031-228-4242,일반
수원박물관,2000,031-228-4150,일반
수원시립아이파크미술관,4000,031-228-3800,일반
청송민속박물관,0,054-870-6094,일반
군립청송야송미술관,0,054-872-6436,일반
청송수석꽃돌박물관,0,054-873-2400,일반
목포자연사박물관,3000,061-274-3655,일반
목포생활도자박물관,3000,061-270-8480,일반
사상생활사박물관,0,051-310-5136,일반
울주민속박물관,0,052-237-0855,일반
울산옹기박물관,0,052-237-7894,일반
울산해양박물관,5000,052-239-6708,일반
충렬공박제상기념관,0,052-229-9531,일반
철박물관,0,043-883-2321,일반
한독의약박물관,0,043-530-1004,일반
수양개선사유물전시관,2000,043-423-8502,일반
불교천태중앙박물관,0,043-423-9103,일반
청주고인쇄박물관,0,043-201-4262,일반
청주시립미술관,1000,043-201-2650,일반
충주고구려천문과학관,3000,043-842-3247,일반
세계무술박물관,0,043-850-6733,일반
충렬사유물전시관,0,043-850-7302,일반
충주박물관,0,043-850-3927,일반
조동리선사유적박물관,0,043-850-3991,일반
충주과수과학관,0,043-850-3258,일반
한국교통대학교 박물관,0,043-841-5696,대학
세계술문화박물관,5000,043-855-7333,일반
제천유물전시관,3000,043-641-5532,일반
제천의병전시관,0,043-641-4808,일반
국제한방발효박물관,0,043-653-9550,일반
지적박물관,5000,043-651-5115,일반
옥천향토전시관,0,043-730-3417,일반
영동군 난계국악박물관,2000,043-740-3886,일반
증평민속체험박물관,0,043-835-4161,일반
진천종박물관,1500,043-539-3847,일반
진천군립생거판화미술관,1500,043-539-3607,일반
농업역사박물관,0,043-830-2684,일반
보령박물관,0,041-930-4947,일반
보령석탄박물관,1500,041-934-1902,일반
모산조형미술관,0,041-933-8100,일반
반달미술관(여주세계생활도자관),0,031-884-8644,일반
여주산림박물관,0,031-887-2741,일반
목아박물관,5000,031-885-9952,일반
여성생활사박물관,5000,031-882-8100,일반
한얼테마박물관,5000,031-881-6316,일반
어우재미술관,2000,031-883-9080,일반
죽포미술관,0,031-881-5905,일반
곤충박물관,4000,031-885-1400,일반
성지박물관,5000,031-884-0118,일반
여주시립폰박물관,3000,031-887-3548,일반
명성황후기념관,1000,031-880-4022,일반
여주박물관,0,031-887-3583,일반
향토사료관,0,031-345-3666,일반
철도박물관,2000,031-461-3610,일반
경산시립박물관,0,053-804-7314,일반
삼성현역사문화관,2000,053-804-7329,일반
한얼문예박물관,0,033-345-0151,일반
대한민국 술테마박물관,2000,063-290-3842,일반
온양민속박물관,5000,041-542-6001,일반
영인산산림박물관,0,041-538-1946,일반
외암민속관,2000,041-536-8497,일반
공세리성당박물관,0,041-533-8181,일반
정린박물관,4000,041-549-4005,일반
당림미술관,4000,041-543-6969,일반
진안가위박물관,4000,063-432-3232,일반
진안역사박물관,0,063-430-8085,일반
용담호사진문화관,0,063-430-2325,일반
수몰문화미술관,0,063-430-2325,일반
화천민속박물관,0,033-440-2549,일반
보은향토민속자료전시관,0,043-540-3898,일반
솔향공원 소나무전시관,0,043-540-3774,일반
옥천골미술관,0,063-650-1638,일반
섬진강미술관,0,063-653-2296,일반
순창장류박물관,0,063-650-1627,일반
한신대학교박물관,0,031-379-0195,대학
유엔군초전기념관,0,031-377-1625,일반
호림박물관,4000,02-858-2500,일반
서울대학교 박물관,0,02-880-5332,대학
서울시립 남서울미술관,0,02-598-6247,일반
서울대학교 미술관,3000,02-880-9504,대학
윤봉길의사기념관,0,041-337-4108,일반
한국고건축박물관,2000,041-337-5877,일반
수덕사근역성보관,3000,041-337-2902,일반
한국문인인장박물관,0,031-302-0591,일반
한국토종씨앗박물관,1000,041-333-5613,일반
부산대박물관,0,051-510-1838,일반
범어사성보박물관,0,051-508-6139,일반
오륜대한국순교자박물관,2000,051-583-2923,일반
킴스아트필드미술관,0,051-517-6800,일반
인하대학교박물관,0,032-860-8260,대학
국제성서박물관,0,032-874-0385,일반
불교사리박물관,0,032-875-2384,일반
범패박물관,3000,032-886-0029,일반
송암미술관,0,032-440-6770,일반
인천어린이박물관,5000,032-432-5600,일반
송암박두성기념관,0,032-876-3500,일반
오죽헌/시립박물관,3000,033-660-3300,일반
대관령박물관,1000,033-660-3300,일반
강릉시립미술관,0,033-640-4271,일반
오산리선사유적박물관,1000,033-670-2442,일반
일현미술관,2000,033-670-8450,일반
영양산촌박물관,0,054-680-5367,일반
월정사 성보박물관,0,033-339-7000,일반
고려궁박물관,0,033-336-1111,일반
성호기념관,500,031-481-2574,일반
최용신기념관,0,031-481-3040,일반
안산향토사박물관,0,031-415-0041,일반
안산어촌민속박물관,2000,032-886-2912,일반
단원미술관,2000,031-481-0505,일반
맥아트미술관,10000,032-888-6262,일반
유리섬미술관,10000,032-888-6262,일반
정문규미술관,0,032-881-2753,일반
종이미술관,5000,032-887-0606,일반
이풀실내정원,0,031-437-2525,일반
영동군 난계국악박물관,2000,043-740-3886,일반
충주고구려천문과학관,3000,043-842-3247,일반
세계무술박물관,0,043-850-6733,일반
충렬사유물전시관,0,043-850-7302,일반
충주박물관,0,043-850-3927,일반
조동리선사유적박물관,0,043-850-3991,일반
충주과수과학관,0,043-850-3258,일반
한국교통대학교 박물관,0,043-841-5696,대학
세계술문화박물관,5000,043-855-7333,일반
관아갤러리,0,043-850-3911,일반
성마루미술관,0,043-853-1883,일반
외솔기념관,0,052-290-4828,일반
고은사진미술관,0,051-746-0055,일반
최북미술관,0,063-320-5636,일반
반디랜드 곤충박물관,5000,063-324-1188,일반
철박물관,0,043-883-2321,일반
한독의약박물관,0,043-530-1004,일반
순천시립뿌리깊은나무박물관,1000,061-749-8858,일반
순천시기독교역사박물관,0,061-749-4532,일반
고암 이응노생가 기념관,1000,041-630-9232,일반
결성농요농사박물관,0,041-642-1993,일반
홍주성 역사관,0,041-630-9240,일반
한국식기박물관,0,041-642-3833,일반
대담,0,061-381-0082,일반
보임쉔,0,061-383-6473,일반
나야나,0,061-380-0080,일반
담양우표,0,061-383-3863,일반
미암,0,061-381-1239,일반
속초시박물관,2000,033-639-2978,일반
부산광역시립미술관,0,051-744-2602,일반
부산현대미술관,0,051-220-7400,일반
안성맞춤박물관,0,031-676-4352,일반
안성3.1운동기념관,0,031-678-2507,일반
조병화문학관,3000,031-674-0307,일반
DIMA MOA,0,031-670-6938,일반
경기여고경운박물관,2000,02-3463-1336,일반
세계골프역사박물관,5000,02-2192-3005,일반
코리아나 화장박물관,4000,031-722-7000,일반
도산안창호기념관,0,02-541-1800,일반
관세박물관,0,02-510-1082,일반
탄허기념박물관,0,02-445-8486,일반
호림박물관 신사분관,8000,02-858-2500,일반
포스코미술관,0,02-3457-1665,일반
코리아나미술관,4000,031-722-7000,일반
밀알미술관,0,02-3412-0061,일반
피규어뮤지엄W,15000,070-7404-2240,일반
K현대미술관,15000,02-2138-0952,일반
안상철미술관,3000,031-874-0734,일반
필룩스조명박물관,5000,070-7780-8911,일반
양주시립장욱진미술관,5000,031-8082-4245,일반
가나아트파크,8000,031-877-0500,일반
울진봉평신라비전시관,0,054-789-5460,일반
향암미술관,3000,054-787-0001,일반
제천유물전시관,3000,043-641-5532,일반
제천의병전시관,0,043-641-4808,일반
국제한방발효박물관,0,043-653-9550,일반
지적박물관,5000,043-651-5115,일반
부평역사박물관,0,032-515-6471,일반
진천종박물관,1500,043-539-3847,일반
진천군립생거판화미술관,1500,043-539-3607,일반
화폐박물관,3000,031-949-6592,일반
기산미술관,4000,031-943-8232,일반
블루메미술관,3000,031-944-6324,일반
미메시스아트뮤지엄,3000,031-955-4100,일반
아트센터화이트블럭,2000,031-992-4400,일반
피노키오뮤지엄,8000,031-8035-6773,일반
벽봉한국장신구박물관,5000,031-949-0848,일반
영집궁시전시관,3000,031-944-6800,일반
파주나비나라박물관,4000,031-955-3727,일반
한국근현대사박물관,7000,031-957-1125,일반
한길책박물관,6000,031-949-9786,일반
세계민속악기박물관,5000,031-946-9838,일반
두루뫼사료관,5000,031-958-6101,일반
한향림옹기박물관,3000,070-4161-7271,일반
세계인형박물관,5000,031-947-2575,일반
타임앤블레이드박물관,6000,031-949-5675,일반
함안박물관,0,055-580-3905,일반
함안박물관,0,055-580-3905,일반
함안박물관,0,055-580-3905,일반
함안박물관,0,055-580-3905,일반
한양여자대학교 미술관,0,02-2290-2506,대학
헬로우뮤지움 동네미술관,5000,02-562-4420,일반
한양대학교 박물관,0,02-2220-1394,대학
수도박물관,0,02-3146-5921,일반
청계천박물관,0,02-2286-3410,일반
충현박물관,3500,02-898-0505,일반
극재미술관,0,053-620-2381,일반
태백고생대자연사박물관,2000,033-581-3131,일반
태백석탄박물관,0,033-552-7720,일반
고남패총박물관,1200,041-670-5617,일반
보성군립백민미술관,0,061-853-0003,일반
한국차박물관,1000,061-852-0918,일반
함양박물관,0,055-960-5532,일반
박물관수,5000,053-744-5500,일반
대구은행금융박물관,0,053-740-2061,일반
국립대구박물관,0,053-768-6051,일반
증평민속체험박물관,0,043-835-4161,일반
